<?xml version="1.0" encoding="UTF-8"?><module codename="org.netbeans.libs.jna/2">
    <module_version install_time="1726897919882" last="true" origin="installer" specification_version="2.7">
        <file crc="1637808577" name="config/Modules/org-netbeans-libs-jna.xml"/>
        <file crc="3842494990" name="modules/ext/jna-5.4.0.jar"/>
        <file crc="624702569" name="modules/lib/amd64/jnidispatch-nb.dll"/>
        <file crc="1714622678" name="modules/lib/amd64/linux/libjnidispatch-nb.so"/>
        <file crc="3664702061" name="modules/lib/i386/linux/libjnidispatch-nb.so"/>
        <file crc="4064772011" name="modules/lib/libjnidispatch-nb.jnilib"/>
        <file crc="1810909137" name="modules/lib/x86/jnidispatch-nb.dll"/>
        <file crc="2603694792" name="modules/org-netbeans-libs-jna.jar"/>
    </module_version>
</module>
