<?xml version="1.0" encoding="UTF-8"?><module codename="org.netbeans.bootstrap/1">
    <module_version install_time="1726897925961" last="true" origin="installer" specification_version="2.90">
        <file crc="3659181709" name="lib/boot.jar"/>
        <file crc="1003062088" name="lib/nbexec"/>
        <file crc="586730341" name="lib/nbexec.dll"/>
        <file crc="625882055" name="lib/nbexec.exe"/>
        <file crc="3797306576" name="lib/nbexec64.dll"/>
        <file crc="3112443451" name="lib/nbexec64.exe"/>
    </module_version>
</module>
